vehicle_id,timestamp,t,x,y,delta_x,delta_y,front_vehicle,stop_line_token,stop_line_need_stop
ego_vehicle,1542194200.147672,1542194200.0,786.7502841334915,2366.136054086728,0.0,0.0,0,,
ego_vehicle,1542194200.648112,1542194200.5,787.3720481676567,2368.5255602264674,0.0,0.0,0,,
ego_vehicle,1542194201.148551,1542194201.0,787.9618764945837,2370.818144445567,0.0,0.0,0,,
ego_vehicle,1542194201.648437,1542194201.5,788.5361486881693,2373.065544420708,0.0,0.0,0,,
ego_vehicle,1542194202.148286,1542194202.0,789.0803704582338,2375.252567233229,0.0,0.0,0,,
ego_vehicle,1542194202.648736,1542194202.5,789.5724127003541,2377.3173466070443,0.0,0.0,0,,
ego_vehicle,1542194203.148605,1542194203.0,789.9868445726077,2379.235644344295,0.0,0.0,0,,
ego_vehicle,1542194203.647944,1542194203.5,790.3483419769859,2381.015148208984,0.0,0.0,0,,
ego_vehicle,1542194204.147792,1542194204.0,790.7023057544411,2382.897170953397,0.0,0.0,0,,
ego_vehicle,1542194204.647683,1542194204.5,791.0085276621198,2384.7541486117443,0.0,0.0,0,,
ego_vehicle,1542194205.148094,1542194205.0,791.2634316669987,2386.671664342877,0.0,0.0,0,,
ego_vehicle,1542194205.647972,1542194205.5,791.469737035131,2388.58302710847,0.0,0.0,0,,
ego_vehicle,1542194206.147318,1542194206.0,791.6206994596205,2390.5298223852387,0.0,0.0,0,,
ego_vehicle,1542194206.647185,1542194206.5,791.73655256648,2392.4929459631903,0.0,0.0,0,,
ego_vehicle,1542194207.147612,1542194207.0,791.8089014280031,2394.4571181948404,0.0,0.0,0,,
ego_vehicle,1542194207.697797,1542194207.5,791.8218648899726,2396.650899952385,0.0,0.0,0,,
ego_vehicle,1542194208.197688,1542194208.0,791.7768141597303,2398.751821792316,0.0,0.0,0,,
ego_vehicle,1542194208.698113,1542194208.5,791.6757623142175,2400.739671409083,0.0,0.0,0,,
ego_vehicle,1542194209.198534,1542194209.0,791.5428664843257,2402.702979028152,0.0,0.0,0,,
ego_vehicle,1542194209.698412,1542194209.5,791.3864409229295,2404.609623024492,0.0,0.0,0,,
ego_vehicle,1542194210.19829,1542194210.0,791.2181181598842,2406.289825507775,0.0,0.0,0,,
ego_vehicle,1542194210.698156,1542194210.5,791.0470003517721,2407.754442836019,0.0,0.0,0,,
ego_vehicle,1542194211.198062,1542194211.0,790.8438978762024,2409.2537858335177,0.0,0.0,0,ce48dcb2-f3f3-498f-b149-4a3eca60278a,0
ego_vehicle,1542194211.697966,1542194211.5,790.5834334789497,2410.861750107586,0.0,0.0,0,ce48dcb2-f3f3-498f-b149-4a3eca60278a,0
ego_vehicle,1542194212.197804,1542194212.0,790.2404903516151,2412.7376553470244,0.0,0.0,0,ce48dcb2-f3f3-498f-b149-4a3eca60278a,0
ego_vehicle,1542194212.697659,1542194212.5,789.8212988259652,2414.765205560076,0.0,0.0,0,,
ego_vehicle,1542194213.198186,1542194213.0,789.3024848557247,2416.9367669178528,0.0,0.0,0,,
ego_vehicle,1542194213.697967,1542194213.5,788.6881003567587,2419.269176298564,0.0,0.0,0,,
ego_vehicle,1542194214.197843,1542194214.0,787.9164148834216,2421.834896976787,0.0,0.0,0,,
ego_vehicle,1542194214.697718,1542194214.5,786.9655461676803,2424.550548664761,0.0,0.0,0,,
ego_vehicle,1542194215.147859,1542194215.0,785.9622669085456,2427.070093561116,0.0,0.0,0,,
ego_vehicle,1542194215.648264,1542194215.5,784.7177029618717,2429.93764384823,0.0,0.0,0,,
ego_vehicle,1542194216.148148,1542194216.0,783.3533894651468,2432.924811670053,0.0,0.0,0,,
ego_vehicle,1542194216.64806,1542194216.5,781.9490150250615,2435.853031549316,0.0,0.0,0,,
ego_vehicle,1542194217.197678,1542194217.0,780.3939282283955,2438.9180404474373,0.0,0.0,0,,
ego_vehicle,1542194217.697582,1542194217.5,778.9539183581937,2441.6251865285,0.0,0.0,0,,
ego_vehicle,1542194218.197422,1542194218.0,777.5847186638994,2444.1383642216174,0.0,0.0,0,,
ego_vehicle,1542194218.69785,1542194218.5,776.2606783423553,2446.5397951770283,0.0,0.0,0,,
ego_vehicle,1542194219.19829,1542194219.0,774.9885442714242,2448.8389018567614,0.0,0.0,0,,
2c385aaa812147d2b1712a4cda4bd5ba,1542194200.147672,1542194200.0,790.865,2405.485,39.1514370199689,5.606607958991086,0,,
2c385aaa812147d2b1712a4cda4bd5ba,1542194200.648112,1542194200.5,790.753,2405.809,36.955773536913256,5.9579787483566005,0,,
2c385aaa812147d2b1712a4cda4bd5ba,1542194201.148551,1542194201.0,790.75,2406.087,34.868463590589094,5.983424577516068,0,,
2c385aaa812147d2b1712a4cda4bd5ba,1542194201.648437,1542194201.5,790.705,2406.442,32.90296405826169,5.995625576642548,0,,
2c385aaa812147d2b1712a4cda4bd5ba,1542194202.148286,1542194202.0,790.631,2406.965,31.19116200499913,5.918561944770615,0,,
2c385aaa812147d2b1712a4cda4bd5ba,1542194202.648736,1542194202.5,790.537,2407.684,29.832731883210656,5.71568323594256,0,,
2c385aaa812147d2b1712a4cda4bd5ba,1542194203.148605,1542194203.0,790.414,2408.399,28.63183470931284,5.455561655418039,0,,
2c385aaa812147d2b1712a4cda4bd5ba,1542194203.647944,1542194203.5,790.261,2409.435,27.893823497080223,5.287996798391681,0,,
2c385aaa812147d2b1712a4cda4bd5ba,1542194204.147792,1542194204.0,790.041,2410.805,27.393890561095176,5.164761581896553,0,,
2c385aaa812147d2b1712a4cda4bd5ba,1542194204.647683,1542194204.5,789.692,2412.485,27.235780675541616,5.130373056656829,0,,
2c385aaa812147d2b1712a4cda4bd5ba,1542194205.148094,1542194205.0,789.222,2414.544,27.417895485847712,5.148106021835208,0,,
2c385aaa812147d2b1712a4cda4bd5ba,1542194205.647972,1542194205.5,788.667,2416.814,27.8299203874318,5.256380566432312,0,,
2c385aaa812147d2b1712a4cda4bd5ba,1542194206.147318,1542194206.0,788.068,2419.322,28.46621756399612,5.356730463310989,0,,
2c385aaa812147d2b1712a4cda4bd5ba,1542194206.647185,1542194206.5,787.198,2422.045,29.303617613064905,5.704268515039245,0,,
2c385aaa812147d2b1712a4cda4bd5ba,1542194207.147612,1542194207.0,786.3,2424.987,30.39743731895988,5.969454162173775,0,,
2c385aaa812147d2b1712a4cda4bd5ba,1542194207.697797,1542194207.5,785.037,2428.123,31.51651868217324,6.327450780040922,0,,
2c385aaa812147d2b1712a4cda4bd5ba,1542194208.197688,1542194208.0,783.821,2431.182,32.67281808197525,6.658047406090999,0,,
2c385aaa812147d2b1712a4cda4bd5ba,1542194208.698113,1542194208.5,782.472,2434.189,33.93116325002346,7.007093360192,0,,
2c385aaa812147d2b1712a4cda4bd5ba,1542194209.198534,1542194209.0,781.138,2437.099,35.07959213853226,7.618122977168692,0,,
2c385aaa812147d2b1712a4cda4bd5ba,1542194209.698412,1542194209.5,779.806,2440.006,36.31108746031078,8.12876732628148,0,,
2c385aaa812147d2b1712a4cda4bd5ba,1542194210.19829,1542194210.0,778.473,2442.913,37.78653296211311,8.58011225683439,0,,
2c385aaa812147d2b1712a4cda4bd5ba,1542194210.698156,1542194210.5,777.158,2445.745,39.45445699915991,8.81068316702901,0,,
2c385aaa812147d2b1712a4cda4bd5ba,1542194211.198062,1542194211.0,775.744,2448.53,41.08520370970521,8.984215368761301,0,,
2c385aaa812147d2b1712a4cda4bd5ba,1542194211.697966,1542194211.5,774.383,2451.146,42.469766179584326,8.936479915209528,0,,
2c385aaa812147d2b1712a4cda4bd5ba,1542194212.197804,1542194212.0,773.022,2453.761,43.58625963614481,8.840921800628717,0,,
2c385aaa812147d2b1712a4cda4bd5ba,1542194212.697659,1542194212.5,771.661,2456.376,44.5703790243476,8.641060798888514,0,,
2c385aaa812147d2b1712a4cda4bd5ba,1542194213.198186,1542194213.0,770.028,2458.891,45.37351353379816,8.486259116205595,0,,
2c385aaa812147d2b1712a4cda4bd5ba,1542194213.697967,1542194213.5,768.253,2461.301,45.90176977005238,8.305926641822408,0,,
2c385aaa812147d2b1712a4cda4bd5ba,1542194214.197843,1542194214.0,766.34,2463.605,46.35890994711939,7.629463434729313,0,,
2c385aaa812147d2b1712a4cda4bd5ba,1542194214.697718,1542194214.5,763.928,2465.956,46.86505484325878,6.919164473664599,0,,
2c385aaa812147d2b1712a4cda4bd5ba,1542194215.147859,1542194215.0,761.602,2467.904,47.066650971099314,6.603494075589733,0,,
2c385aaa812147d2b1712a4cda4bd5ba,1542194215.648264,1542194215.5,758.899,2469.913,47.046289235259806,7.065102877978664,0,,
2c385aaa812147d2b1712a4cda4bd5ba,1542194216.148148,1542194216.0,756.161,2472.212,47.12491488326798,7.783750224539503,0,,
2c385aaa812147d2b1712a4cda4bd5ba,1542194216.64806,1542194216.5,753.241,2474.26,47.12793102412242,8.747428579058706,0,,
2c385aaa812147d2b1712a4cda4bd5ba,1542194217.197678,1542194217.0,749.93,2476.426,47.31260960683071,9.69979168191055,0,,
2c385aaa812147d2b1712a4cda4bd5ba,1542194217.697582,1542194217.5,746.951,2478.548,47.64529420524569,10.685700174437764,0,,
2c385aaa812147d2b1712a4cda4bd5ba,1542194218.197422,1542194218.0,743.904,2480.511,48.064056814401965,11.94262224991478,0,,
2c385aaa812147d2b1712a4cda4bd5ba,1542194218.69785,1542194218.5,740.951,2482.427,48.495247152754544,13.302417287073666,0,,
2c385aaa812147d2b1712a4cda4bd5ba,1542194219.19829,1542194219.0,737.984,2484.32,48.93411995734054,15.08092641187588,0,,
86294702401f436fbe05cdf3709d2333,1542194200.147672,1542194200.0,791.034,2391.483,25.61843401813657,2.0278086243209144,0,,
86294702401f436fbe05cdf3709d2333,1542194200.648112,1542194200.5,791.068,2393.003,24.627971427316822,2.4812718705086256,0,,
86294702401f436fbe05cdf3709d2333,1542194201.148551,1542194201.0,791.075,2394.524,23.741878011826465,2.8208089486658783,0,,
86294702401f436fbe05cdf3709d2333,1542194201.648437,1542194201.5,791.081,2396.044,22.907670339108027,3.107526411892431,0,,
86294702401f436fbe05cdf3709d2333,1542194202.148286,1542194202.0,791.082,2397.178,21.782603036437628,3.188307822701749,0,,
86294702401f436fbe05cdf3709d2333,1542194202.648736,1542194202.5,791.165,2398.313,20.829029460125533,3.048818971509199,0,,
86294702401f436fbe05cdf3709d2333,1542194203.148605,1542194203.0,791.134,2399.375,19.94347738865137,2.932788301999711,0,,
86294702401f436fbe05cdf3709d2333,1542194203.647944,1542194203.5,791.064,2400.434,19.20110381115013,2.8509724130386,0,,
86294702401f436fbe05cdf3709d2333,1542194204.147792,1542194204.0,790.957,2401.491,18.36366795890057,2.754919502446144,0,,
86294702401f436fbe05cdf3709d2333,1542194204.647683,1542194204.5,790.833,2403.096,18.11020269245372,2.7047475051294887,0,,
86294702401f436fbe05cdf3709d2333,1542194205.148094,1542194205.0,790.656,2404.698,17.812163484441065,2.621143112625396,0,,
86294702401f436fbe05cdf3709d2333,1542194205.647972,1542194205.5,790.253,2406.954,18.163051812391867,2.815739859645793,0,,
86294702401f436fbe05cdf3709d2333,1542194206.147318,1542194206.0,789.85,2409.207,18.499463523261976,2.942024629828664,0,,
86294702401f436fbe05cdf3709d2333,1542194206.647185,1542194206.5,789.447,2411.463,18.835411007634093,3.0383467160433515,0,,
86294702401f436fbe05cdf3709d2333,1542194207.147612,1542194207.0,788.729,2414.267,19.73157939222036,3.378806689229485,0,,
86294702401f436fbe05cdf3709d2333,1542194207.697797,1542194207.5,787.939,2417.351,20.721192034672505,3.5820927102102607,0,,
86294702401f436fbe05cdf3709d2333,1542194208.197688,1542194208.0,787.222,2420.152,21.53312031083061,3.699045434647487,0,,
86294702401f436fbe05cdf3709d2333,1542194208.698113,1542194208.5,786.242,2423.188,22.72408061934555,3.961247111579476,0,,
86294702401f436fbe05cdf3709d2333,1542194209.198534,1542194209.0,785.113,2426.158,23.86850290669028,4.531803715623369,0,,
86294702401f436fbe05cdf3709d2333,1542194209.698412,1542194209.5,783.909,2429.297,25.26826428177039,5.072907820861478,0,,
86294702401f436fbe05cdf3709d2333,1542194210.19829,1542194210.0,782.705,2432.436,26.911744586431,5.543343589686673,0,,
86294702401f436fbe05cdf3709d2333,1542194210.698156,1542194210.5,781.503,2435.25,28.488976490231508,5.872974607096302,0,,
86294702401f436fbe05cdf3709d2333,1542194211.198062,1542194211.0,780.302,2438.064,30.056611834733168,6.062075689220513,0,,
86294702401f436fbe05cdf3709d2333,1542194211.697966,1542194211.5,779.195,2440.579,31.23180386604273,6.038552581190179,0,,
86294702401f436fbe05cdf3709d2333,1542194212.197804,1542194212.0,778.089,2443.093,32.136563761295044,5.96404431939434,0,,
86294702401f436fbe05cdf3709d2333,1542194212.697659,1542194212.5,776.999,2445.355,32.65029919601999,5.837317743843865,0,,
86294702401f436fbe05cdf3709d2333,1542194213.198186,1542194213.0,775.908,2447.619,33.01254805177627,5.526158465957206,0,,
86294702401f436fbe05cdf3709d2333,1542194213.697967,1542194213.5,774.819,2449.881,33.15796835748995,5.073442076600067,0,,
86294702401f436fbe05cdf3709d2333,1542194214.197843,1542194214.0,773.729,2452.142,33.18482674228909,4.1399038969467625,0,,
86294702401f436fbe05cdf3709d2333,1542194214.697718,1542194214.5,772.524,2454.494,33.10866387743659,2.9287484656610943,0,,
86294702401f436fbe05cdf3709d2333,1542194215.147859,1542194215.0,771.3,2456.544,32.8419986822919,2.07592333765165,0,,
86294702401f436fbe05cdf3709d2333,1542194215.648264,1542194215.5,770.044,2458.873,32.40338949247882,1.457661336897612,1,,
86294702401f436fbe05cdf3709d2333,1542194216.148148,1542194216.0,768.676,2461.135,31.76912496449468,1.2087402576923054,1,,
86294702401f436fbe05cdf3709d2333,1542194216.64806,1542194216.5,767.081,2463.288,31.173933953770344,1.1945598752044706,1,,
86294702401f436fbe05cdf3709d2333,1542194217.197678,1542194217.0,765.132,2465.495,30.60941907559808,1.2656903929880876,1,,
86294702401f436fbe05cdf3709d2333,1542194217.697582,1542194217.5,763.193,2467.343,30.09880788201469,1.6942569851629887,1,,
86294702401f436fbe05cdf3709d2333,1542194218.197422,1542194218.0,761.002,2469.159,29.89245985982066,2.4485283125772472,0,,
86294702401f436fbe05cdf3709d2333,1542194218.69785,1542194218.5,758.535,2470.901,29.88011684105767,3.581390663849854,0,,
86294702401f436fbe05cdf3709d2333,1542194219.19829,1542194219.0,756.088,2472.476,29.808083268188067,5.0212767192185,0,,
af3ebbf6f2174ca7be9b4bca30047f4b,1542194200.147672,1542194200.0,793.952,2387.209,22.18737793500665,-1.844208646526709,1,,
af3ebbf6f2174ca7be9b4bca30047f4b,1542194200.648112,1542194200.5,794.144,2389.645,22.136785241940384,-1.3305209699832306,1,,
af3ebbf6f2174ca7be9b4bca30047f4b,1542194201.148551,1542194201.0,794.25,2392.086,22.16090762058575,-0.8568120441669205,1,,
af3ebbf6f2174ca7be9b4bca30047f4b,1542194201.648437,1542194201.5,794.271,2394.527,22.210185074291896,-0.3552550862247923,1,,
af3ebbf6f2174ca7be9b4bca30047f4b,1542194202.148286,1542194202.0,794.254,2396.396,21.76483579522173,-0.07854543791459,1,,
af3ebbf6f2174ca7be9b4bca30047f4b,1542194202.648736,1542194202.5,794.178,2398.265,21.441438741534395,0.0989707041892682,1,,
af3ebbf6f2174ca7be9b4bca30047f4b,1542194203.148605,1542194203.0,794.044,2400.13,21.267021229330336,0.2346576861770546,1,,
af3ebbf6f2174ca7be9b4bca30047f4b,1542194203.647944,1542194203.5,793.9,2401.883,21.142326330052835,0.3281303970011073,1,,
af3ebbf6f2174ca7be9b4bca30047f4b,1542194204.147792,1542194204.0,793.71,2403.634,20.919871602101143,0.384622053897139,1,,
af3ebbf6f2174ca7be9b4bca30047f4b,1542194204.647683,1542194204.5,793.474,2405.38,20.73228629279571,0.4041690739377328,1,,
af3ebbf6f2174ca7be9b4bca30047f4b,1542194205.148094,1542194205.0,793.132,2407.353,20.722574988819616,0.4578568562500362,1,,
af3ebbf6f2174ca7be9b4bca30047f4b,1542194205.647972,1542194205.5,792.733,2409.312,20.72475536839901,0.5510670944863543,1,,
af3ebbf6f2174ca7be9b4bca30047f4b,1542194206.147318,1542194206.0,792.22,2411.569,21.002878337111586,0.725352095367045,1,,
af3ebbf6f2174ca7be9b4bca30047f4b,1542194206.647185,1542194206.5,791.707,2413.828,21.284952447167296,0.8737301404860043,1,,
af3ebbf6f2174ca7be9b4bca30047f4b,1542194207.147612,1542194207.0,790.923,2416.585,22.079852810555057,1.2201285372272754,1,,
af3ebbf6f2174ca7be9b4bca30047f4b,1542194207.697797,1542194207.5,790.06,2419.615,22.95182813220828,1.428557587280272,1,,
af3ebbf6f2174ca7be9b4bca30047f4b,1542194208.197688,1542194208.0,789.024,2422.81,24.115075940873098,1.7928250157367902,1,,
af3ebbf6f2174ca7be9b4bca30047f4b,1542194208.698113,1542194208.5,787.988,2426.009,25.42408756603008,2.035762281933488,0,,
af3ebbf6f2174ca7be9b4bca30047f4b,1542194209.198534,1542194209.0,786.887,2429.408,26.964897339690705,2.5038063994057445,0,,
af3ebbf6f2174ca7be9b4bca30047f4b,1542194209.698412,1542194209.5,785.624,2432.906,28.694758646398142,3.0197626484134705,0,,
af3ebbf6f2174ca7be9b4bca30047f4b,1542194210.19829,1542194210.0,784.203,2436.342,30.624944963176763,3.619292058763744,0,,
af3ebbf6f2174ca7be9b4bca30047f4b,1542194210.698156,1542194210.5,782.788,2439.716,32.74765859190202,4.016208783515405,0,,
af3ebbf6f2174ca7be9b4bca30047f4b,1542194211.198062,1542194211.0,781.374,2443.089,34.86021354295247,4.242513881835209,0,,
af3ebbf6f2174ca7be9b4bca30047f4b,1542194211.697966,1542194211.5,779.985,2446.169,36.59747544218474,4.287344117448403,0,,
af3ebbf6f2174ca7be9b4bca30047f4b,1542194212.197804,1542194212.0,778.597,2449.249,38.07274182539088,4.259543617154272,0,,
af3ebbf6f2174ca7be9b4bca30047f4b,1542194212.697659,1542194212.5,777.209,2452.328,39.40952214562981,4.1121993980442895,0,,
af3ebbf6f2174ca7be9b4bca30047f4b,1542194213.198186,1542194213.0,775.75,2455.323,40.52352129131888,3.806224813743389,0,,
af3ebbf6f2174ca7be9b4bca30047f4b,1542194213.697967,1542194213.5,774.186,2458.259,41.383187977515696,3.4178508579227813,0,,
af3ebbf6f2174ca7be9b4bca30047f4b,1542194214.197843,1542194214.0,772.479,2461.114,42.100742011254304,2.560122078420072,0,,
af3ebbf6f2174ca7be9b4bca30047f4b,1542194214.697718,1542194214.5,770.486,2464.088,42.80301706936619,1.445624470988255,1,,
af3ebbf6f2174ca7be9b4bca30047f4b,1542194215.147859,1542194215.0,768.483,2466.615,43.21495062751273,0.7653163291787219,1,,
af3ebbf6f2174ca7be9b4bca30047f4b,1542194215.648264,1542194215.5,766.04,2469.237,43.49504345547782,0.839713061760321,0,,
af3ebbf6f2174ca7be9b4bca30047f4b,1542194216.148148,1542194216.0,763.055,2471.765,43.77874038555228,1.745844912514226,0,,
af3ebbf6f2174ca7be9b4bca30047f4b,1542194216.64806,1542194216.5,759.869,2474.036,43.99946919284832,2.9059239286304326,0,,
af3ebbf6f2174ca7be9b4bca30047f4b,1542194217.197678,1542194217.0,756.591,2476.007,43.87073361663486,3.986964320410891,0,,
af3ebbf6f2174ca7be9b4bca30047f4b,1542194217.697582,1542194217.5,753.665,2477.667,43.694995059832216,5.1923798602648645,0,,
af3ebbf6f2174ca7be9b4bca30047f4b,1542194218.197422,1542194218.0,750.74,2479.327,43.73633704959862,6.528308883878413,0,,
af3ebbf6f2174ca7be9b4bca30047f4b,1542194218.69785,1542194218.5,747.811,2480.989,43.90096523268188,8.017449734423653,0,,
af3ebbf6f2174ca7be9b4bca30047f4b,1542194219.19829,1542194219.0,744.984,2482.472,43.92360191560991,9.863107474475877,0,,
f9e85378d8a04a0cb9909ca9bd13993d,1542194200.147672,1542194200.0,809.421,2376.814,15.886421879273302,-19.380009804503395,0,,
f9e85378d8a04a0cb9909ca9bd13993d,1542194200.648112,1542194200.5,810.135,2374.163,11.099315905942287,-20.65750870892617,0,,
f9e85378d8a04a0cb9909ca9bd13993d,1542194201.148551,1542194201.0,810.977,2371.201,6.038857879770187,-22.2119979775188,0,,
f9e85378d8a04a0cb9909ca9bd13993d,1542194201.648437,1542194201.5,811.817,2368.242,0.9701884927674572,-23.75548401111454,0,,
f9e85378d8a04a0cb9909ca9bd13993d,1542194202.148286,1542194202.0,812.745,2364.995,-4.432691753156636,-25.408117106911792,0,,
f9e85378d8a04a0cb9909ca9bd13993d,1542194202.648736,1542194202.5,813.59,2361.722,-9.957807117103322,-26.8489708853535,0,,
f9e85378d8a04a0cb9909ca9bd13993d,1542194203.148605,1542194203.0,814.434,2358.453,-15.432074452403029,-28.130699562316487,0,,
f9e85378d8a04a0cb9909ca9bd13993d,1542194203.647944,1542194203.5,814.895,2355.188,-20.878147479510712,-28.859398209592857,0,,
f9e85378d8a04a0cb9909ca9bd13993d,1542194204.147792,1542194204.0,815.424,2351.935,-26.519139103004,-29.40241864097645,0,,
4803e90fbb6a49cf8de610f9af47cfe2,1542194200.147672,1542194200.0,770.134,2317.231,-51.46766692958792,4.185785824640517,0,,
4803e90fbb6a49cf8de610f9af47cfe2,1542194200.648112,1542194200.5,771.706,2320.853,-50.06307639271171,3.3713613642399523,0,,
4803e90fbb6a49cf8de610f9af47cfe2,1542194201.148551,1542194201.0,773.051,2323.754,-49.28561535034773,2.8611303175603062,0,,
4803e90fbb6a49cf8de610f9af47cfe2,1542194201.648437,1542194201.5,774.52,2326.577,-48.49710767700699,2.3155451425507056,0,,
4803e90fbb6a49cf8de610f9af47cfe2,1542194202.148286,1542194202.0,775.884,2329.452,-47.612258858976126,2.1041237918264954,0,,
4803e90fbb6a49cf8de610f9af47cfe2,1542194202.648736,1542194202.5,777.252,2332.146,-46.75883615479114,2.1171278429433507,0,,
4803e90fbb6a49cf8de610f9af47cfe2,1542194203.148605,1542194203.0,778.5,2334.893,-45.71134812149289,2.319511610762357,0,,
4803e90fbb6a49cf8de610f9af47cfe2,1542194203.647944,1542194203.5,779.883,2338.295,-43.8657793481477,2.4687528299250925,0,,
4803e90fbb6a49cf8de610f9af47cfe2,1542194204.147792,1542194204.0,781.267,2341.7,-42.11943294690346,2.6503803638645715,0,,
4803e90fbb6a49cf8de610f9af47cfe2,1542194204.647683,1542194204.5,781.708,2342.93,-42.632651868845855,3.440456184833004,0,,
4803e90fbb6a49cf8de610f9af47cfe2,1542194205.148094,1542194205.0,782.148,2344.162,-43.18441866782924,4.3004031370752775,0,,
4803e90fbb6a49cf8de610f9af47cfe2,1542194205.647972,1542194205.5,782.588,2345.392,-43.72842929380056,5.07747160323648,0,,
4803e90fbb6a49cf8de610f9af47cfe2,1542194206.147318,1542194206.0,783.028,2346.621,-44.29694415944832,5.813437603639747,0,,
4803e90fbb6a49cf8de610f9af47cfe2,1542194206.647185,1542194206.5,783.468,2347.851,-44.86872374200198,6.495529253853821,0,,
4803e90fbb6a49cf8de610f9af47cfe2,1542194207.147612,1542194207.0,783.909,2349.082,-45.42663859856736,7.213222996325614,0,,
4803e90fbb6a49cf8de610f9af47cfe2,1542194207.697797,1542194207.5,784.394,2350.436,-46.036437626797735,8.097085584491152,0,,
4803e90fbb6a49cf8de610f9af47cfe2,1542194208.197688,1542194208.0,784.75,2351.692,-46.68594123908936,8.893783026068,0,,
4803e90fbb6a49cf8de610f9af47cfe2,1542194208.698113,1542194208.5,785.106,2352.949,-47.215412470698986,9.663101431292466,0,,
4803e90fbb6a49cf8de610f9af47cfe2,1542194209.198534,1542194209.0,785.463,2354.207,-47.81764752339254,9.938870951369688,0,,
4803e90fbb6a49cf8de610f9af47cfe2,1542194209.698412,1542194209.5,785.926,2356.43,-47.403541269518485,10.057632164284469,0,,
4803e90fbb6a49cf8de610f9af47cfe2,1542194210.19829,1542194210.0,786.233,2358.68,-46.73188055201654,10.262588925149878,0,,
4803e90fbb6a49cf8de610f9af47cfe2,1542194210.698156,1542194210.5,786.462,2360.944,-45.79263686196654,10.654755750849796,0,,
4803e90fbb6a49cf8de610f9af47cfe2,1542194211.198062,1542194211.0,786.691,2363.208,-44.87183112274355,11.068899334947464,0,,
4803e90fbb6a49cf8de610f9af47cfe2,1542194211.697966,1542194211.5,786.965,2365.504,-44.02234833170905,11.460737317748093,0,,
4803e90fbb6a49cf8de610f9af47cfe2,1542194212.197804,1542194212.0,787.359,2367.783,-43.51129603730418,11.635272319257863,0,,
4803e90fbb6a49cf8de610f9af47cfe2,1542194212.697659,1542194212.5,787.83,2370.06,-43.1939373687965,11.689129009811063,0,,
4803e90fbb6a49cf8de610f9af47cfe2,1542194213.198186,1542194213.0,788.301,2372.341,-43.01322439378801,11.813767574125476,0,,
4803e90fbb6a49cf8de610f9af47cfe2,1542194213.697967,1542194213.5,788.771,2374.618,-42.95292673873893,11.990868519451128,0,,
4803e90fbb6a49cf8de610f9af47cfe2,1542194214.197843,1542194214.0,789.241,2376.895,-43.139523865538216,12.60747244579575,0,,
4803e90fbb6a49cf8de610f9af47cfe2,1542194214.697718,1542194214.5,789.711,2379.172,-43.42005516553465,13.46274369569552,0,,
4803e90fbb6a49cf8de610f9af47cfe2,1542194215.147859,1542194215.0,790.135,2381.223,-43.87277783560968,13.935060929999818,0,,
4803e90fbb6a49cf8de610f9af47cfe2,1542194215.648264,1542194215.5,790.381,2383.419,-44.72556907697405,13.983495055543267,0,,
4803e90fbb6a49cf8de610f9af47cfe2,1542194216.148148,1542194216.0,790.627,2385.613,-45.879784505003386,13.641776593196298,0,,
4803e90fbb6a49cf8de610f9af47cfe2,1542194216.64806,1542194216.5,790.873,2387.807,-47.03483928349946,13.24689540389124,0,,
4803e90fbb6a49cf8de610f9af47cfe2,1542194217.197678,1542194217.0,791.138,2390.353,-48.03136403364538,12.889051174595188,0,,
4803e90fbb6a49cf8de610f9af47cfe2,1542194217.697582,1542194217.5,791.283,2392.677,-48.93252241944741,12.329468351078864,0,,
4803e90fbb6a49cf8de610f9af47cfe2,1542194218.197422,1542194218.0,791.336,2395.004,-49.644525777038176,11.664241737545757,0,,
4803e90fbb6a49cf8de610f9af47cfe2,1542194218.69785,1542194218.5,791.292,2397.45,-50.13879106588346,10.836926842005596,0,,
4803e90fbb6a49cf8de610f9af47cfe2,1542194219.19829,1542194219.0,791.147,2399.891,-50.57385041958048,9.68201346179034,0,,
41d87ec86f984905b9a0ca6e8de78d82,1542194200.147672,1542194200.0,781.576,2340.822,-25.803964091198548,-1.1561854861346763,0,,
41d87ec86f984905b9a0ca6e8de78d82,1542194200.648112,1542194200.5,782.106,2342.75,-26.274415967631924,-1.281590109516273,0,,
41d87ec86f984905b9a0ca6e8de78d82,1542194201.148551,1542194201.0,782.637,2344.679,-26.644847185820105,-1.276422584885074,0,,
41d87ec86f984905b9a0ca6e8de78d82,1542194201.648437,1542194201.5,783.167,2346.606,-26.96981831523224,-1.2124289496476068,0,,
41d87ec86f984905b9a0ca6e8de78d82,1542194202.148286,1542194202.0,783.716,2348.582,-27.182506868242395,-1.0303003413512697,0,,
41d87ec86f984905b9a0ca6e8de78d82,1542194202.648736,1542194202.5,784.266,2350.561,-27.26096798593463,-0.6886074986761272,0,,
41d87ec86f984905b9a0ca6e8de78d82,1542194203.148605,1542194203.0,784.678,2352.768,-26.973760042154915,-0.1312352376454164,0,,
41d87ec86f984905b9a0ca6e8de78d82,1542194203.647944,1542194203.5,785.089,2354.972,-26.536787492081963,0.4033802640534327,0,,
41d87ec86f984905b9a0ca6e8de78d82,1542194204.147792,1542194204.0,785.5,2357.179,-26.18285476798667,0.975728524408372,0,,
41d87ec86f984905b9a0ca6e8de78d82,1542194204.647683,1542194204.5,785.959,2359.475,-25.689021655745805,1.5130821232920288,0,,
41d87ec86f984905b9a0ca6e8de78d82,1542194205.148094,1542194205.0,786.418,2361.774,-25.237672955911616,2.028398746078026,0,,
41d87ec86f984905b9a0ca6e8de78d82,1542194205.647972,1542194205.5,786.877,2364.07,-24.778868397220915,2.435344413160028,0,,
41d87ec86f984905b9a0ca6e8de78d82,1542194206.147318,1542194206.0,787.619,2366.277,-24.42016470393885,2.468079148796344,0,,
41d87ec86f984905b9a0ca6e8de78d82,1542194206.647185,1542194206.5,788.283,2368.512,-24.06343036200621,2.501901056164189,0,,
41d87ec86f984905b9a0ca6e8de78d82,1542194207.147612,1542194207.0,788.947,2370.75,-23.71449780599632,2.503304396895464,0,,
41d87ec86f984905b9a0ca6e8de78d82,1542194207.697797,1542194207.5,789.256,2373.396,-23.18151854596937,2.90277646525042,0,,
41d87ec86f984905b9a0ca6e8de78d82,1542194208.197688,1542194208.0,789.741,2375.633,-22.990508319972506,2.9542278766171544,0,,
41d87ec86f984905b9a0ca6e8de78d82,1542194208.698113,1542194208.5,790.226,2377.872,-22.70095761348844,2.9337924586340307,0,,
41d87ec86f984905b9a0ca6e8de78d82,1542194209.198534,1542194209.0,790.711,2380.112,-22.433293144304088,2.6362728313969868,0,,
41d87ec86f984905b9a0ca6e8de78d82,1542194209.698412,1542194209.5,791.004,2382.313,-22.14169833784678,2.520144312597468,0,,
41d87ec86f984905b9a0ca6e8de78d82,1542194210.19829,1542194210.0,791.297,2384.515,-21.63488789401751,2.3498155480284795,0,,
41d87ec86f984905b9a0ca6e8de78d82,1542194210.698156,1542194210.5,791.46,2386.396,-21.219784184735545,2.378130370971564,0,,
41d87ec86f984905b9a0ca6e8de78d82,1542194211.198062,1542194211.0,791.623,2388.277,-20.844634476494548,2.402590439206006,0,,
41d87ec86f984905b9a0ca6e8de78d82,1542194211.697966,1542194211.5,791.609,2390.299,-20.42033553240873,2.57074848278102,0,,
41d87ec86f984905b9a0ca6e8de78d82,1542194212.197804,1542194212.0,791.595,2392.32,-20.28273697369833,2.6735504584564938,0,,
41d87ec86f984905b9a0ca6e8de78d82,1542194212.697659,1542194212.5,791.581,2394.341,-20.316135164761363,2.7366029888462404,0,,
41d87ec86f984905b9a0ca6e8de78d82,1542194213.198186,1542194213.0,791.615,2396.391,-20.49010632103665,2.7533977526175764,0,,
41d87ec86f984905b9a0ca6e8de78d82,1542194213.697967,1542194213.5,791.574,2398.437,-20.804708419011003,2.853974808308172,0,,
41d87ec86f984905b9a0ca6e8de78d82,1542194214.197843,1542194214.0,791.459,2400.481,-21.3950894540119,3.2202914174614508,0,,
41d87ec86f984905b9a0ca6e8de78d82,1542194214.697718,1542194214.5,791.257,2402.628,-22.022885072513617,3.730751184259076,0,,
41d87ec86f984905b9a0ca6e8de78d82,1542194215.147859,1542194215.0,791.012,2404.554,-22.70795051877999,4.07999968755087,0,,
41d87ec86f984905b9a0ca6e8de78d82,1542194215.648264,1542194215.5,790.685,2406.479,-23.833279288794262,4.2180238302908775,0,,
41d87ec86f984905b9a0ca6e8de78d82,1542194216.148148,1542194216.0,790.358,2408.403,-25.159997620820995,4.147953325672777,0,,
41d87ec86f984905b9a0ca6e8de78d82,1542194216.64806,1542194216.5,790.031,2410.327,-26.46442746223744,4.043528117842445,0,,
41d87ec86f984905b9a0ca6e8de78d82,1542194217.197678,1542194217.0,789.699,2412.194,-27.99423571582688,4.08406243649989,0,,
41d87ec86f984905b9a0ca6e8de78d82,1542194217.697582,1542194217.5,789.346,2413.882,-29.34383916338829,3.991404646258101,0,,
41d87ec86f984905b9a0ca6e8de78d82,1542194218.197422,1542194218.0,788.891,2415.79,-30.26622700263418,3.776917504305725,0,,
41d87ec86f984905b9a0ca6e8de78d82,1542194218.69785,1542194218.5,788.436,2417.701,-31.08356557537494,3.4473284294324085,0,,
41d87ec86f984905b9a0ca6e8de78d82,1542194219.19829,1542194219.0,787.981,2419.611,-31.82162254489025,2.859564294863942,0,,
2cb7817eee954c77b873b37256e18a7d,1542194200.147672,1542194200.0,761.324,2434.049,59.63091977608729,41.21949607933602,0,,
2cb7817eee954c77b873b37256e18a7d,1542194200.648112,1542194200.5,761.324,2434.049,57.02417478643724,41.46388086975766,0,,
2cb7817eee954c77b873b37256e18a7d,1542194201.148551,1542194201.0,761.324,2434.049,54.72208625213781,41.38935181706003,0,,
2cb7817eee954c77b873b37256e18a7d,1542194201.648437,1542194201.5,761.324,2434.049,52.55352313409802,41.19789363734572,0,,
2cb7817eee954c77b873b37256e18a7d,1542194202.148286,1542194202.0,761.324,2434.049,50.6604949622079,40.75225613088261,0,,
2cb7817eee954c77b873b37256e18a7d,1542194202.648736,1542194202.5,761.324,2434.049,49.15925170636382,39.99384806984708,0,,
2cb7817eee954c77b873b37256e18a7d,1542194203.148605,1542194203.0,761.324,2434.049,47.8956355393445,39.1140532321674,0,,
2cb7817eee954c77b873b37256e18a7d,1542194203.647944,1542194203.5,761.324,2434.049,46.77833890772872,38.241484238515405,0,,
2cb7817eee954c77b873b37256e18a7d,1542194204.147792,1542194204.0,761.324,2434.049,45.662426709667145,37.26204118236068,0,,
2cb7817eee954c77b873b37256e18a7d,1542194204.647683,1542194204.5,761.324,2434.049,44.64689468056704,36.20250952001292,0,,
2cb7817eee954c77b873b37256e18a7d,1542194205.148094,1542194205.0,761.324,2434.049,43.644188417382416,35.05377641275418,0,,
2cb7817eee954c77b873b37256e18a7d,1542194205.647972,1542194205.5,761.324,2434.049,42.5799484113513,33.99924421054543,0,,
2cb7817eee954c77b873b37256e18a7d,1542194206.147318,1542194206.0,761.324,2434.049,41.45156870243272,32.97354408322651,0,,
2cb7817eee954c77b873b37256e18a7d,1542194206.647185,1542194206.5,761.324,2434.049,40.25011251855172,32.03260556376942,0,,
2cb7817eee954c77b873b37256e18a7d,1542194207.147612,1542194207.0,761.324,2434.049,39.05977846410234,31.07899333567332,0,,
2cb7817eee954c77b873b37256e18a7d,1542194207.697797,1542194207.5,761.324,2434.049,37.76525479175367,29.95114305778973,0,,
2cb7817eee954c77b873b37256e18a7d,1542194208.197688,1542194208.0,761.324,2434.049,36.4132002680566,29.02126497392669,0,,
2cb7817eee954c77b873b37256e18a7d,1542194208.698113,1542194208.5,761.324,2434.049,35.14682830413598,28.11578100082809,0,,
066682861c644939a75cd619be70beaf,1542194200.147672,1542194200.0,749.004,2432.392,55.016819830040426,52.76231561432873,0,,
066682861c644939a75cd619be70beaf,1542194200.648112,1542194200.5,749.004,2432.392,52.36747558491015,52.98962592723221,0,,
066682861c644939a75cd619be70beaf,1542194201.148551,1542194201.0,749.004,2432.392,50.082180400541546,52.9218397466116,0,,
066682861c644939a75cd619be70beaf,1542194201.648437,1542194201.5,749.004,2432.392,47.9566319429002,52.74750491265985,0,,
066682861c644939a75cd619be70beaf,1542194202.148286,1542194202.0,749.004,2432.392,46.16611237631989,52.34141466268213,0,,
066682861c644939a75cd619be70beaf,1542194202.648736,1542194202.5,749.004,2432.392,44.84733785384564,51.64936808577678,0,,
066682861c644939a75cd619be70beaf,1542194203.148605,1542194203.0,749.004,2432.392,43.79901837748453,50.84713029866767,0,,
066682861c644939a75cd619be70beaf,1542194203.647944,1542194203.5,749.004,2432.392,42.89981706889905,50.04998516330863,0,,
066682861c644939a75cd619be70beaf,1542194204.147792,1542194204.0,749.004,2432.392,42.04054770759368,49.15204363047812,0,,
066682861c644939a75cd619be70beaf,1542194204.647683,1542194204.5,749.004,2432.392,41.31099782104079,48.17601445693727,0,,
066682861c644939a75cd619be70beaf,1542194205.148094,1542194205.0,749.004,2432.392,40.62259732612922,47.110885546436606,0,,
066682861c644939a75cd619be70beaf,1542194205.647972,1542194205.5,749.004,2432.392,39.85539146852937,46.127454988306994,0,,
066682861c644939a75cd619be70beaf,1542194206.147318,1542194206.0,749.004,2432.392,39.02200931034093,45.16463127102256,0,,
066682861c644939a75cd619be70beaf,1542194206.647185,1542194206.5,749.004,2432.392,38.10648464898156,44.277209459897634,0,,
066682861c644939a75cd619be70beaf,1542194207.147612,1542194207.0,749.004,2432.392,37.21514915055408,43.37228644108232,0,,
066682861c644939a75cd619be70beaf,1542194207.697797,1542194207.5,749.004,2432.392,36.28355323408237,42.29342923594832,0,,
066682861c644939a75cd619be70beaf,1542194208.197688,1542194208.0,749.004,2432.392,35.24129157059729,41.396447516162766,0,,
066682861c644939a75cd619be70beaf,1542194208.698113,1542194208.5,749.004,2432.392,34.28467092098974,40.51534834730586,0,,
066682861c644939a75cd619be70beaf,1542194209.198534,1542194209.0,749.004,2432.392,32.934759527126644,40.020098193086966,0,,
066682861c644939a75cd619be70beaf,1542194209.698412,1542194209.5,749.004,2432.392,31.67091560838264,39.51474396687326,0,,
066682861c644939a75cd619be70beaf,1542194210.19829,1542194210.0,749.004,2432.392,30.60548551868802,39.0350348680015,0,,
066682861c644939a75cd619be70beaf,1542194210.698156,1542194210.5,749.004,2432.392,29.88273049955325,38.46408708735101,0,,
168b82b8855a44b6b732a8a8ccbc25b6,1542194200.648112,1542194200.5,756.186,2419.261,41.425682305625415,42.77940147851647,0,,
168b82b8855a44b6b732a8a8ccbc25b6,1542194201.148551,1542194201.0,756.186,2419.261,39.12455548663681,42.727259814287045,0,,
168b82b8855a44b6b732a8a8ccbc25b6,1542194201.648437,1542194201.5,756.186,2419.261,36.96172296534091,42.59362225010908,0,,
168b82b8855a44b6b732a8a8ccbc25b6,1542194202.148286,1542194202.0,756.186,2419.261,35.082228999926315,42.28440359077315,0,,
168b82b8855a44b6b732a8a8ccbc25b6,1542194202.648736,1542194202.5,756.186,2419.261,33.60986515883871,41.76453124304605,0,,
168b82b8855a44b6b732a8a8ccbc25b6,1542194203.148605,1542194203.0,756.186,2419.261,32.3886051850272,41.16794054806356,0,,
168b82b8855a44b6b732a8a8ccbc25b6,1542194203.647944,1542194203.5,756.186,2419.261,31.316869828669795,40.58577918744763,0,,
168b82b8855a44b6b732a8a8ccbc25b6,1542194204.147792,1542194204.0,756.186,2419.261,30.26065539650873,39.94150739556653,0,,
168b82b8855a44b6b732a8a8ccbc25b6,1542194204.647683,1542194204.5,756.186,2419.261,29.318166825867927,39.25083798285783,0,,
168b82b8855a44b6b732a8a8ccbc25b6,1542194205.148094,1542194205.0,756.186,2419.261,28.401445865322835,38.50439050874271,0,,
168b82b8855a44b6b732a8a8ccbc25b6,1542194205.647972,1542194205.5,756.186,2419.261,27.42467834671249,37.82669265328981,0,,
168b82b8855a44b6b732a8a8ccbc25b6,1542194206.147318,1542194206.0,756.186,2419.261,26.391068821357475,37.1710242476924,0,,
168b82b8855a44b6b732a8a8ccbc25b6,1542194206.647185,1542194206.5,756.186,2419.261,25.29149347289632,36.581363220682896,0,,
168b82b8855a44b6b732a8a8ccbc25b6,1542194207.147612,1542194207.0,756.186,2419.261,24.215413088675355,35.992853594560565,0,,
168b82b8855a44b6b732a8a8ccbc25b6,1542194207.697797,1542194207.5,756.186,2419.261,23.073050635112683,35.3028912473151,0,,
168b82b8855a44b6b732a8a8ccbc25b6,1542194208.197688,1542194208.0,756.186,2419.261,21.857220195543725,34.743376710654154,0,,
168b82b8855a44b6b732a8a8ccbc25b6,1542194208.698113,1542194208.5,756.186,2419.261,20.735814339574382,34.2038524005276,0,,
168b82b8855a44b6b732a8a8ccbc25b6,1542194209.198534,1542194209.0,756.186,2419.261,19.28877826991759,33.912808563345784,0,,
168b82b8855a44b6b732a8a8ccbc25b6,1542194209.698412,1542194209.5,756.186,2419.261,17.92574326784484,33.62695160642081,0,,
168b82b8855a44b6b732a8a8ccbc25b6,1542194210.19829,1542194210.0,756.186,2419.261,16.767664556663913,33.36297535574513,0,,
168b82b8855a44b6b732a8a8ccbc25b6,1542194210.698156,1542194210.5,756.186,2419.261,15.936081082258683,33.057932209659086,0,,
168b82b8855a44b6b732a8a8ccbc25b6,1542194211.198062,1542194211.0,756.186,2419.261,15.112878332294253,32.741929693321296,0,,
168b82b8855a44b6b732a8a8ccbc25b6,1542194211.697966,1542194211.5,756.186,2419.261,14.241944109200029,32.40539977152547,0,,
168b82b8855a44b6b732a8a8ccbc25b6,1542194212.197804,1542194212.0,756.186,2419.261,13.052896142929823,32.10806824729654,0,,
168b82b8855a44b6b732a8a8ccbc25b6,1542194212.697659,1542194212.5,756.186,2419.261,11.725450368488763,31.827112166687115,0,,
168b82b8855a44b6b732a8a8ccbc25b6,1542194213.198186,1542194213.0,756.186,2419.261,10.29426032228433,31.541692949271805,0,,
ad992fddcffa422d9b3e93d7868fbe08,1542194200.648112,1542194200.5,782.847,2435.878,64.12694411379302,21.064493168702363,0,,
ad992fddcffa422d9b3e93d7868fbe08,1542194201.148551,1542194201.0,781.787,2437.798,63.39484521835735,22.47985677622202,0,,
ad992fddcffa422d9b3e93d7868fbe08,1542194201.648437,1542194201.5,780.73,2439.716,62.75975924652309,23.74722894451527,0,,
ad992fddcffa422d9b3e93d7868fbe08,1542194202.148286,1542194202.0,779.672,2441.633,62.32751684790784,24.69075166604984,0,,
ad992fddcffa422d9b3e93d7868fbe08,1542194202.648736,1542194202.5,778.347,2444.049,62.63848773534324,25.579197616211765,0,,
ad992fddcffa422d9b3e93d7868fbe08,1542194203.148605,1542194203.0,777.025,2446.462,63.19970659711147,26.23587667568744,0,,
ad992fddcffa422d9b3e93d7868fbe08,1542194203.647944,1542194203.5,775.96,2448.374,63.52070839670998,26.47494331905441,0,,
ad992fddcffa422d9b3e93d7868fbe08,1542194204.147792,1542194204.0,774.895,2450.288,63.855529416353605,26.495125536178826,0,,
ad992fddcffa422d9b3e93d7868fbe08,1542194204.647683,1542194204.5,773.829,2452.203,64.31868870992172,26.32211158380735,0,,
ad992fddcffa422d9b3e93d7868fbe08,1542194205.148094,1542194205.0,772.762,2454.119,64.83075935661918,25.933928868977247,0,,
ad992fddcffa422d9b3e93d7868fbe08,1542194205.647972,1542194205.5,771.697,2456.033,65.34894623935233,25.58498941977433,0,,
ad992fddcffa422d9b3e93d7868fbe08,1542194206.147318,1542194206.0,770.602,2457.864,65.76882080192065,25.212193527296293,0,,
ad992fddcffa422d9b3e93d7868fbe08,1542194206.647185,1542194206.5,769.505,2459.697,66.16496164271433,24.872992549828822,0,,
ad992fddcffa422d9b3e93d7868fbe08,1542194207.147612,1542194207.0,768.407,2461.533,66.61046193599924,24.412230360910744,0,,
ad992fddcffa422d9b3e93d7868fbe08,1542194207.697797,1542194207.5,767.161,2463.525,67.11202466411268,23.687467934307325,0,,
ad992fddcffa422d9b3e93d7868fbe08,1542194208.197688,1542194208.0,766.028,2465.334,67.4483719138896,23.076147257355824,0,,
ad992fddcffa422d9b3e93d7868fbe08,1542194208.698113,1542194208.5,764.671,2466.985,67.76203769636449,22.63423461853849,0,,
ad992fddcffa422d9b3e93d7868fbe08,1542194209.198534,1542194209.0,763.257,2468.586,67.85363943338535,22.91983343837406,0,,
ad992fddcffa422d9b3e93d7868fbe08,1542194209.698412,1542194209.5,761.818,2470.222,68.07954079040863,23.13168365336253,0,,
ad992fddcffa422d9b3e93d7868fbe08,1542194210.19829,1542194210.0,760.241,2471.726,68.42471697881011,23.48317293062609,0,,
ad992fddcffa422d9b3e93d7868fbe08,1542194210.698156,1542194210.5,758.54,2473.087,68.97119859896573,23.69927052537732,0,,
ad992fddcffa422d9b3e93d7868fbe08,1542194211.198062,1542194211.0,756.727,2474.294,69.40948496200423,23.88371316140232,0,,
ad992fddcffa422d9b3e93d7868fbe08,1542194211.697966,1542194211.5,754.253,2475.826,70.26093825273642,24.459156037593555,0,,
ad992fddcffa422d9b3e93d7868fbe08,1542194212.197804,1542194212.0,751.726,2477.275,70.80305460031369,25.110890208192124,0,,
ad992fddcffa422d9b3e93d7868fbe08,1542194212.697659,1542194212.5,749.199,2478.723,71.27945099451375,25.67791641726868,0,,
ad992fddcffa422d9b3e93d7868fbe08,1542194213.198186,1542194213.0,746.669,2480.174,71.68825797328147,25.958412566354507,0,,
ad992fddcffa422d9b3e93d7868fbe08,1542194213.697967,1542194213.5,744.143,2481.623,71.91744650335173,26.017759190535003,0,,
ad992fddcffa422d9b3e93d7868fbe08,1542194214.197843,1542194214.0,741.616,2483.071,72.4784205100311,25.13455802551075,0,,
ad992fddcffa422d9b3e93d7868fbe08,1542194214.697718,1542194214.5,739.089,2484.52,72.99800104925605,23.59214119236045,0,,
ad992fddcffa422d9b3e93d7868fbe08,1542194215.147859,1542194215.0,736.849,2485.881,73.21799050479387,22.43215230813917,0,,
ad992fddcffa422d9b3e93d7868fbe08,1542194215.648264,1542194215.5,734.359,2487.393,73.06438348870535,22.22191993048558,0,,
ad992fddcffa422d9b3e93d7868fbe08,1542194216.148148,1542194216.0,731.871,2488.904,72.58237157781072,22.59876556771511,0,,
ad992fddcffa422d9b3e93d7868fbe08,1542194216.64806,1542194216.5,728.607,2490.941,72.9700640902225,23.450318967695008,0,,
ad992fddcffa422d9b3e93d7868fbe08,1542194217.197678,1542194217.0,725.018,2493.179,73.65571138235701,24.056420017201443,0,,
ad992fddcffa422d9b3e93d7868fbe08,1542194217.697582,1542194217.5,722.025,2495.286,74.17001968050192,24.70141213955191,0,,
ad992fddcffa422d9b3e93d7868fbe08,1542194218.197422,1542194218.0,719.033,2497.392,74.81915398417689,25.57522532146653,0,,
ad992fddcffa422d9b3e93d7868fbe08,1542194218.69785,1542194218.5,716.037,2499.501,75.51859608656915,26.7129942021154,0,,
44ce874735924e8fb206d1db5fc82d97,1542194201.148551,1542194201.0,756.753,2414.322,34.477410235699324,40.96139299520613,0,,
44ce874735924e8fb206d1db5fc82d97,1542194201.648437,1542194201.5,756.753,2414.322,32.30825466674064,40.84499752753328,0,,
44ce874735924e8fb206d1db5fc82d97,1542194202.148286,1542194202.0,756.753,2414.322,30.413648636361906,40.57662469161923,0,,
44ce874735924e8fb206d1db5fc82d97,1542194202.648736,1542194202.5,756.753,2414.322,28.91608826508958,40.12871564130647,0,,
44ce874735924e8fb206d1db5fc82d97,1542194203.148605,1542194203.0,756.753,2414.322,27.668044804395468,39.61780352837813,0,,
44ce874735924e8fb206d1db5fc82d97,1542194203.647944,1542194203.5,756.753,2414.322,26.570122191026364,39.12429820927383,0,,
44ce874735924e8fb206d1db5fc82d97,1542194204.147792,1542194204.0,756.753,2414.322,25.485256399599173,38.58342650563622,0,,
44ce874735924e8fb206d1db5fc82d97,1542194204.647683,1542194204.5,756.753,2414.322,24.51316105159504,38.00775441212676,0,,
44ce874735924e8fb206d1db5fc82d97,1542194205.148094,1542194205.0,756.753,2414.322,23.56593166154653,37.38817548906817,0,,
44ce874735924e8fb206d1db5fc82d97,1542194205.647972,1542194205.5,756.753,2414.322,22.56254231671216,36.83072183457628,0,,
44ce874735924e8fb206d1db5fc82d97,1542194206.147318,1542194206.0,756.753,2414.322,21.50530316263332,36.2944764077223,0,,
44ce874735924e8fb206d1db5fc82d97,1542194206.647185,1542194206.5,756.753,2414.322,20.38639032148928,35.81938566144013,0,,
44ce874735924e8fb206d1db5fc82d97,1542194207.147612,1542194207.0,756.753,2414.322,19.292834155191244,35.3513033008586,0,,
44ce874735924e8fb206d1db5fc82d97,1542194207.697797,1542194207.5,756.753,2414.322,18.134054760643185,34.807603912478584,0,,
44ce874735924e8fb206d1db5fc82d97,1542194208.197688,1542194208.0,756.753,2414.322,16.906466576834386,34.37345836581863,0,,
44ce874735924e8fb206d1db5fc82d97,1542194208.698113,1542194208.5,756.753,2414.322,15.776421193892295,33.9593908812424,0,,
44ce874735924e8fb206d1db5fc82d97,1542194209.198534,1542194209.0,756.753,2414.322,14.324988517380504,33.74283089399166,0,,
44ce874735924e8fb206d1db5fc82d97,1542194209.698412,1542194209.5,756.753,2414.322,12.958996438759494,33.5365841710348,0,,
44ce874735924e8fb206d1db5fc82d97,1542194210.19829,1542194210.0,756.753,2414.322,11.799509366129772,33.35034662001563,0,,
44ce874735924e8fb206d1db5fc82d97,1542194210.698156,1542194210.5,756.753,2414.322,10.967833845130317,33.14043796963144,0,,
44ce874735924e8fb206d1db5fc82d97,1542194211.198062,1542194211.0,756.753,2414.322,10.147171142928356,32.92851520587778,0,,
44ce874735924e8fb206d1db5fc82d97,1542194211.697966,1542194211.5,756.753,2414.322,9.281462297748208,32.70714066227019,0,,
44ce874735924e8fb206d1db5fc82d97,1542194212.197804,1542194212.0,756.753,2414.322,8.09974330348958,32.5201445778853,0,,
44ce874735924e8fb206d1db5fc82d97,1542194212.697659,1542194212.5,756.753,2414.322,6.781721205778888,32.350895004109795,0,,
44ce874735924e8fb206d1db5fc82d97,1542194213.198186,1542194213.0,756.753,2414.322,5.365947209344199,32.19282676162335,0,,
44ce874735924e8fb206d1db5fc82d97,1542194213.697967,1542194213.5,756.753,2414.322,3.822261072480261,32.074454944325645,0,,
44ce874735924e8fb206d1db5fc82d97,1542194214.197843,1542194214.0,756.753,2414.322,2.448220958336341,31.95365068554735,0,,
05f211ae057949259f2529b1f17df85f,1542194204.147792,1542194204.0,788.659,2421.72,37.926519468383766,8.293323313640812,0,,
05f211ae057949259f2529b1f17df85f,1542194204.647683,1542194204.5,787.077,2426.097,40.33348259811989,9.598608543824458,0,,
05f211ae057949259f2529b1f17df85f,1542194205.148094,1542194205.0,785.717,2429.391,41.75241139169111,10.292769668611635,0,,
05f211ae057949259f2529b1f17df85f,1542194205.647972,1542194205.5,784.263,2432.64,43.18351763395964,11.02502825338854,0,,
05f211ae057949259f2529b1f17df85f,1542194206.147318,1542194206.0,782.718,2435.842,44.58996080263815,11.735189764550167,0,,
05f211ae057949259f2529b1f17df85f,1542194206.647185,1542194206.5,781.029,2439.374,46.3473069457761,12.554032634995984,0,,
05f211ae057949259f2529b1f17df85f,1542194207.147612,1542194207.0,779.338,2442.909,48.18413213394305,13.201307736291604,0,,
05f211ae057949259f2529b1f17df85f,1542194207.697797,1542194207.5,777.479,2446.796,50.26537030396859,13.613557619113497,0,,
05f211ae057949259f2529b1f17df85f,1542194208.197688,1542194208.0,775.799,2449.919,51.68390890004741,13.927249429921854,0,,
05f211ae057949259f2529b1f17df85f,1542194208.698113,1542194208.5,774.118,2453.045,53.26164582802862,14.115543005599042,0,,
05f211ae057949259f2529b1f17df85f,1542194209.198534,1542194209.0,772.437,2456.17,54.76163277836505,14.76409644568776,0,,
05f211ae057949259f2529b1f17df85f,1542194209.698412,1542194209.5,770.894,2458.74,55.79423329862618,15.20067464560564,0,,
05f211ae057949259f2529b1f17df85f,1542194210.19829,1542194210.0,769.268,2461.258,57.02710170710988,15.680879334023798,0,,
05f211ae057949259f2529b1f17df85f,1542194210.698156,1542194210.5,767.561,2463.721,58.51650528928176,15.978627949791068,0,,
05f211ae057949259f2529b1f17df85f,1542194211.198062,1542194211.0,765.774,2466.128,59.97680068525373,16.176831503728984,0,,
05f211ae057949259f2529b1f17df85f,1542194211.697966,1542194211.5,763.795,2468.381,61.2748786295756,16.3604159850871,0,,
05f211ae057949259f2529b1f17df85f,1542194212.197804,1542194212.0,761.763,2469.804,61.51619499700071,16.734942848197317,0,,
05f211ae057949259f2529b1f17df85f,1542194212.697659,1542194212.5,759.421,2471.364,61.86765837298459,17.3119942096494,0,,
05f211ae057949259f2529b1f17df85f,1542194213.198186,1542194213.0,757.025,2472.849,62.06908852218936,17.699124561822803,0,,
05f211ae057949259f2529b1f17df85f,1542194213.697967,1542194213.5,754.586,2474.252,62.02513843583221,17.959142337292793,0,,
05f211ae057949259f2529b1f17df85f,1542194214.197843,1542194214.0,752.101,2475.574,62.12253508011182,17.477013937457144,0,,
05f211ae057949259f2529b1f17df85f,1542194214.697718,1542194214.5,749.574,2476.815,62.08954485601869,16.50782003555298,0,,
05f211ae057949259f2529b1f17df85f,1542194215.147859,1542194215.0,747.248,2478.186,62.10003332614343,15.837688128491902,0,,
05f211ae057949259f2529b1f17df85f,1542194215.648264,1542194215.5,744.662,2479.71,61.82718854623833,15.999995042991472,0,,
05f211ae057949259f2529b1f17df85f,1542194216.148148,1542194216.0,741.507,2482.563,62.73713399720605,16.60157297662167,0,,
05f211ae057949259f2529b1f17df85f,1542194216.64806,1542194216.5,738.105,2485.144,63.57543610668911,17.500790623888964,0,,
05f211ae057949259f2529b1f17df85f,1542194217.197678,1542194217.0,734.482,2487.702,64.43521622816765,18.19277974515155,0,,
05f211ae057949259f2529b1f17df85f,1542194217.697582,1542194217.5,731.087,2489.882,65.12665082616397,19.283277777671778,0,,
05f211ae057949259f2529b1f17df85f,1542194218.197422,1542194218.0,728.156,2491.758,65.49380068540071,20.305327156641127,0,,
05f211ae057949259f2529b1f17df85f,1542194218.69785,1542194218.5,725.221,2493.635,65.93033200224333,21.560646597061744,0,,
05f211ae057949259f2529b1f17df85f,1542194219.19829,1542194219.0,722.69,2495.111,65.77714628826656,23.19729545195656,0,,
c34dad7c508d455abab4736c88037a90,1542194205.148094,1542194205.0,787.968,2459.386,71.75587488065675,11.412995299550529,0,,
c34dad7c508d455abab4736c88037a90,1542194205.647972,1542194205.5,789.176,2457.137,67.97443726486547,8.269247360523075,0,,
c34dad7c508d455abab4736c88037a90,1542194206.147318,1542194206.0,790.382,2454.89,64.05504131761683,5.284741699262683,0,,
c34dad7c508d455abab4736c88037a90,1542194206.647185,1542194206.5,792.144,2451.91,59.2970193139291,1.9439355094863675,0,,
c34dad7c508d455abab4736c88037a90,1542194207.147612,1542194207.0,793.787,2448.859,54.34796531176756,-1.1558305371115272,0,,
c34dad7c508d455abab4736c88037a90,1542194207.697797,1542194207.5,795.278,2445.685,48.90675342609564,-4.166806666198702,0,,
c34dad7c508d455abab4736c88037a90,1542194208.197688,1542194208.0,796.532,2442.62,43.589825027344574,-6.497104355648391,0,,
c34dad7c508d455abab4736c88037a90,1542194208.698113,1542194208.5,797.682,2439.51,38.26029645229728,-8.514169684600654,0,,
c34dad7c508d455abab4736c88037a90,1542194209.198534,1542194209.0,798.725,2436.363,32.95477998062529,-9.85057735285663,0,,
c34dad7c508d455abab4736c88037a90,1542194209.698412,1542194209.5,799.882,2433.129,27.55874417456606,-11.191756250904357,0,,
c34dad7c508d455abab4736c88037a90,1542194210.19829,1542194210.0,800.686,2429.932,22.430750035865472,-12.044132053266114,0,,
c34dad7c508d455abab4736c88037a90,1542194210.698156,1542194210.5,801.49,2426.734,17.45066182304426,-12.829823223379307,0,,
c34dad7c508d455abab4736c88037a90,1542194211.198062,1542194211.0,802.346,2423.371,12.215271316169526,-13.503714732713537,0,,
c34dad7c508d455abab4736c88037a90,1542194211.697966,1542194211.5,802.945,2420.407,7.249698092645362,-13.833362973845546,0,,
c34dad7c508d455abab4736c88037a90,1542194212.197804,1542194212.0,803.543,2417.442,2.011763463477508,-13.963553260487364,0,,
c34dad7c508d455abab4736c88037a90,1542194212.697659,1542194212.5,803.967,2414.546,-3.299981927010554,-13.74968786123176,0,,
c34dad7c508d455abab4736c88037a90,1542194213.198186,1542194213.0,804.392,2411.645,-8.796179553715396,-13.342834325771491,0,,
c34dad7c508d455abab4736c88037a90,1542194213.697967,1542194213.5,804.817,2408.748,-14.448518638011253,-12.679618556076443,0,,
c34dad7c508d455abab4736c88037a90,1542194214.197843,1542194214.0,805.241,2405.852,-20.53003469457638,-11.543272988834184,0,,
c34dad7c508d455abab4736c88037a90,1542194214.697718,1542194214.5,805.666,2402.955,-26.80241739562264,-9.860917147433074,0,,
c34dad7c508d455abab4736c88037a90,1542194215.147859,1542194215.0,805.978,2400.302,-32.42035239418118,-8.056207360967289,0,,
c34dad7c508d455abab4736c88037a90,1542194215.648264,1542194215.5,806.326,2397.353,-38.57969777912088,-6.2716375140724185,0,,
c34dad7c508d455abab4736c88037a90,1542194216.148148,1542194216.0,806.673,2394.407,-44.77658516025562,-4.613318843596208,0,,
c34dad7c508d455abab4736c88037a90,1542194216.64806,1542194216.5,807.021,2391.461,-50.89000277788816,-2.842008628976494,0,,
c34dad7c508d455abab4736c88037a90,1542194217.197678,1542194217.0,807.265,2389.297,-56.40137899837703,-0.9231400395266752,0,,
c34dad7c508d455abab4736c88037a90,1542194217.697582,1542194217.5,807.488,2387.328,-61.30480065432935,0.5970332359838757,0,,
c34dad7c508d455abab4736c88037a90,1542194218.197422,1542194218.0,807.711,2385.359,-65.97332704651552,1.9796622575214649,0,,
c34dad7c508d455abab4736c88037a90,1542194218.69785,1542194218.5,807.756,2383.641,-70.20006233112605,3.207367229120188,0,,
c34dad7c508d455abab4736c88037a90,1542194219.19829,1542194219.0,807.702,2381.924,-74.29356530379967,3.953133832554311,0,,
a1eaa3eb81664e648bb3e5201d8a834a,1542194208.197688,1542194208.0,786.894,2367.569,-30.926218831618936,6.119708571950807,0,,
a1eaa3eb81664e648bb3e5201d8a834a,1542194208.698113,1542194208.5,787.195,2370.168,-30.185857975517887,6.458933301347285,0,,
a1eaa3eb81664e648bb3e5201d8a834a,1542194209.198534,1542194209.0,787.535,2372.763,-29.50106946794408,6.389442045494999,0,,
a1eaa3eb81664e648bb3e5201d8a834a,1542194209.698412,1542194209.5,787.796,2375.364,-28.74825844998905,6.379679038393382,0,,
a1eaa3eb81664e648bb3e5201d8a834a,1542194210.19829,1542194210.0,788.108,2377.736,-28.01393861071903,6.274497962754277,0,,
a1eaa3eb81664e648bb3e5201d8a834a,1542194210.698156,1542194210.5,788.419,2380.108,-27.055714791846068,6.213513976223089,0,,
a1eaa3eb81664e648bb3e5201d8a834a,1542194211.198062,1542194211.0,788.694,2382.16,-26.447296439818427,6.222750348010418,0,,
a1eaa3eb81664e648bb3e5201d8a834a,1542194211.697966,1542194211.5,788.969,2384.212,-25.953980681725824,6.230019960414031,0,,
a1eaa3eb81664e648bb3e5201d8a834a,1542194212.197804,1542194212.0,789.149,2386.247,-25.75868344408146,6.261771616687124,0,,
a1eaa3eb81664e648bb3e5201d8a834a,1542194212.697659,1542194212.5,789.329,2388.281,-25.7388630150957,6.2543971891605565,0,,
a1eaa3eb81664e648bb3e5201d8a834a,1542194213.198186,1542194213.0,789.357,2390.219,-25.9285493683477,6.443186319061121,0,,
a1eaa3eb81664e648bb3e5201d8a834a,1542194213.697967,1542194213.5,789.355,2392.566,-25.85338857423829,6.57685160693128,0,,
a1eaa3eb81664e648bb3e5201d8a834a,1542194214.197843,1542194214.0,789.226,2396.159,-24.817423625773536,6.677441972004526,0,,
a1eaa3eb81664e648bb3e5201d8a834a,1542194214.697718,1542194214.5,788.985,2399.572,-24.07986872440888,6.935224959769146,0,,
a1eaa3eb81664e648bb3e5201d8a834a,1542194215.147859,1542194215.0,788.688,2403.044,-23.20010997306527,6.806160097291286,0,,
a1eaa3eb81664e648bb3e5201d8a834a,1542194215.648264,1542194215.5,788.217,2407.64,-21.76071641142984,5.9879914946612,0,,
a1eaa3eb81664e648bb3e5201d8a834a,1542194216.148148,1542194216.0,787.489,2412.725,-20.028020224869817,4.893614131035245,0,,
a1eaa3eb81664e648bb3e5201d8a834a,1542194216.64806,1542194216.5,786.54,2417.775,-18.24225496716625,3.879043291452725,0,,
a1eaa3eb81664e648bb3e5201d8a834a,1542194217.197678,1542194217.0,785.26,2422.971,-16.38856008929264,3.045833591582028,0,,
a1eaa3eb81664e648bb3e5201d8a834a,1542194217.697582,1542194217.5,783.9,2427.645,-14.649360038421156,2.2671835673003224,0,,
a1eaa3eb81664e648bb3e5201d8a834a,1542194218.197422,1542194218.0,782.356,2432.26,-12.6982428043269,1.552995435575272,0,,
a1eaa3eb81664e648bb3e5201d8a834a,1542194218.69785,1542194218.5,780.637,2436.809,-10.618766388237532,0.9292112781882071,0,,
a1eaa3eb81664e648bb3e5201d8a834a,1542194219.19829,1542194219.0,778.917,2441.358,-8.43742428755065,0.2049987010477023,0,,
4507fae6135041d4ae7a3849283be704,1542194208.698113,1542194208.5,788.02,2335.674,-64.62139012748575,7.879366218630045,0,,
4507fae6135041d4ae7a3849283be704,1542194209.198534,1542194209.0,786.432,2338.451,-63.5862696589471,10.233582166287295,0,,
4507fae6135041d4ae7a3849283be704,1542194209.698412,1542194209.5,785.299,2341.439,-62.255155011364806,12.120143273173612,0,,
4507fae6135041d4ae7a3849283be704,1542194210.19829,1542194210.0,784.878,2344.218,-60.94485981692667,13.221690274991904,0,,
4507fae6135041d4ae7a3849283be704,1542194210.698156,1542194210.5,784.726,2347.025,-59.36053539007116,14.19236552244298,0,,
4507fae6135041d4ae7a3849283be704,1542194211.198062,1542194211.0,784.844,2349.834,-57.80825560309019,14.917211809125888,0,,
4507fae6135041d4ae7a3849283be704,1542194211.697966,1542194211.5,785.23,2352.619,-56.405197007461744,15.412654608044727,0,,
4507fae6135041d4ae7a3849283be704,1542194212.197804,1542194212.0,785.796,2355.899,-54.857098834040656,15.4966642764179,0,,
4507fae6135041d4ae7a3849283be704,1542194212.697659,1542194212.5,786.177,2358.355,-54.2563697081507,15.85341938622128,0,,
4507fae6135041d4ae7a3849283be704,1542194213.198186,1542194213.0,786.642,2360.799,-53.80580450258562,16.228457029066757,0,,
4507fae6135041d4ae7a3849283be704,1542194213.697967,1542194213.5,787.105,2363.24,-53.44496255921091,16.670211152878977,0,,
4507fae6135041d4ae7a3849283be704,1542194214.197843,1542194214.0,787.569,2365.68,-53.2888512635003,17.658104133487278,0,,
4507fae6135041d4ae7a3849283be704,1542194214.697718,1542194214.5,787.968,2368.04,-53.21874263231887,19.025398188880533,0,,
4507fae6135041d4ae7a3849283be704,1542194215.147859,1542194215.0,788.328,2370.164,-53.36643335306215,19.88791627119829,0,,
4507fae6135041d4ae7a3849283be704,1542194215.648264,1542194215.5,788.728,2372.526,-53.974193905026176,19.971131976746506,0,,
4507fae6135041d4ae7a3849283be704,1542194216.148148,1542194216.0,789.22,2374.855,-55.00591202232575,19.509314039292978,0,,
4507fae6135041d4ae7a3849283be704,1542194216.64806,1542194216.5,789.778,2377.17,-56.09165842552096,18.93185985005276,0,,
4507fae6135041d4ae7a3849283be704,1542194217.197678,1542194217.0,790.466,2379.696,-57.17481902840772,18.40374922022138,0,,
4507fae6135041d4ae7a3849283be704,1542194217.697582,1542194217.5,791.078,2382.011,-58.227928922720345,17.56165170106889,0,,
4507fae6135041d4ae7a3849283be704,1542194218.197422,1542194218.0,791.528,2384.362,-59.05561383825432,16.63032820387043,0,,
4507fae6135041d4ae7a3849283be704,1542194218.69785,1542194218.5,791.813,2386.742,-59.73292075505664,15.607505374598665,0,,
4507fae6135041d4ae7a3849283be704,1542194219.19829,1542194219.0,791.92,2389.125,-60.3478054409056,14.241534275201388,0,,
bbc2fa3f31a84453ad7b270cb54cb903,1542194211.697966,1542194211.5,781.916,2346.6,-61.75485215947759,19.72371020854974,0,,
bbc2fa3f31a84453ad7b270cb54cb903,1542194212.197804,1542194212.0,782.333,2348.789,-61.15093265102141,20.285170699902864,0,,
bbc2fa3f31a84453ad7b270cb54cb903,1542194212.697659,1542194212.5,782.749,2350.978,-60.70781547579015,20.805403138722383,0,,
bbc2fa3f31a84453ad7b270cb54cb903,1542194213.198186,1542194213.0,783.166,2353.17,-60.36178821116895,21.45335852342862,0,,
bbc2fa3f31a84453ad7b270cb54cb903,1542194213.697967,1542194213.5,783.583,2355.358,-60.07712562253954,22.19084503298557,0,,
bbc2fa3f31a84453ad7b270cb54cb903,1542194214.197843,1542194214.0,784.012,2357.545,-59.9293155071241,23.55091357879069,0,,
bbc2fa3f31a84453ad7b270cb54cb903,1542194214.697718,1542194214.5,784.442,2359.731,-59.74726471985455,25.258365335844776,0,,
bbc2fa3f31a84453ad7b270cb54cb903,1542194215.147859,1542194215.0,784.894,2362.047,-59.51862254958415,26.19854110840108,0,,
bbc2fa3f31a84453ad7b270cb54cb903,1542194215.648264,1542194215.5,785.469,2364.606,-59.85307445008983,26.1980921346838,0,,
bbc2fa3f31a84453ad7b270cb54cb903,1542194216.148148,1542194216.0,786.12,2367.144,-60.654681308546486,25.604705004975163,0,,
bbc2fa3f31a84453ad7b270cb54cb903,1542194216.64806,1542194216.5,786.878,2369.652,-61.55374349090573,24.85543337369087,0,,
bbc2fa3f31a84453ad7b270cb54cb903,1542194217.197678,1542194217.0,787.711,2372.41,-62.3679571976766,24.209497310397875,0,,
bbc2fa3f31a84453ad7b270cb54cb903,1542194217.697582,1542194217.5,788.469,2374.918,-63.24034494393326,23.217894415452147,0,,
bbc2fa3f31a84453ad7b270cb54cb903,1542194218.197422,1542194218.0,789.227,2377.425,-64.0222554113686,21.99179384908213,0,,
bf269ec7ec584f5894120f2086a0350e,1542194214.697718,1542194214.5,758.113,2499.891,80.66315674432812,0.369797869844902,0,,
bf269ec7ec584f5894120f2086a0350e,1542194215.147859,1542194215.0,759.747,2500.823,78.12634311278121,-4.45316976656698,0,,
bf269ec7ec584f5894120f2086a0350e,1542194215.648264,1542194215.5,761.563,2501.86,75.06830975093435,-8.506475341296106,0,,
bf269ec7ec584f5894120f2086a0350e,1542194216.148148,1542194216.0,763.112,2502.774,71.790402780499,-11.554037865695332,0,,
bf269ec7ec584f5894120f2086a0350e,1542194216.64806,1542194216.5,764.662,2503.688,68.47772199373972,-14.501663107321512,0,,
bf269ec7ec584f5894120f2086a0350e,1542194217.197678,1542194217.0,766.366,2504.692,64.80998322742568,-17.920246913358845,0,,
bf269ec7ec584f5894120f2086a0350e,1542194217.697582,1542194217.5,767.906,2505.622,61.57838072112392,-20.58477263667804,0,,
bf269ec7ec584f5894120f2086a0350e,1542194218.197422,1542194218.0,769.446,2506.551,58.56966012326858,-22.984603861282785,0,,
bf269ec7ec584f5894120f2086a0350e,1542194218.69785,1542194218.5,770.752,2507.336,55.71387065144605,-24.859728425379643,0,,
bf269ec7ec584f5894120f2086a0350e,1542194219.19829,1542194219.0,772.059,2508.122,53.17638511746514,-26.266537720325427,0,,
8e70a14d64ce4a6ba50fb04d1b855965,1542194217.697582,1542194217.5,750.529,2448.486,19.481362482537364,21.77405138892928,0,,
8e70a14d64ce4a6ba50fb04d1b855965,1542194218.197422,1542194218.0,750.529,2448.486,16.83202543200673,21.59220243191754,0,,
8e70a14d64ce4a6ba50fb04d1b855965,1542194218.69785,1542194218.5,750.529,2448.486,14.225643428767254,21.506167368013568,0,,
8e70a14d64ce4a6ba50fb04d1b855965,1542194219.19829,1542194219.0,750.529,2448.486,11.562475563879698,21.543667553077988,0,,
9fc52cfb29024551846c8e4c8ed6daa5,1542194217.697582,1542194217.5,753.702,2444.582,14.543300582483951,20.8297832402166,0,,
9fc52cfb29024551846c8e4c8ed6daa5,1542194218.197422,1542194218.0,753.713,2444.593,11.890299329241586,20.68249085608867,0,,
9fc52cfb29024551846c8e4c8ed6daa5,1542194218.69785,1542194218.5,753.725,2444.604,9.283380122310936,20.611363403813247,0,,
9fc52cfb29024551846c8e4c8ed6daa5,1542194219.19829,1542194219.0,753.736,2444.615,6.6266581533374325,20.623746399804187,0,,
